news_source,news_title,news_link,news_publish_date
CNC3 Television,Trump says deal to reopen Strait of Hormuz could come as early as Wednesday,https://www.cnc3.co.tt/trump-says-deal-to-reopen-strait-of-hormuz-could-come-as-early-as-wednesday/?utm_source=rss&utm_medium=rss&utm_campaign=trump-says-deal-to-reopen-strait-of-hormuz-could-come-as-early-as-wednesday,"Wed, 05 Aug 2026 10:15:54 +0000"
CNC3 Television,"Hilton warns of Sept 18 exit as lease agreement yet to be finalised…eTeCK says talks remain active, no closure decision made",https://www.cnc3.co.tt/hilton-warns-of-sept-18-exit-as-lease-agreement-yet-to-be-finalised-eteck-says-talks-remain-active-no-closure-decision-made/?utm_source=rss&utm_medium=rss&utm_campaign=hilton-warns-of-sept-18-exit-as-lease-agreement-yet-to-be-finalised-eteck-says-talks-remain-active-no-closure-decision-made,"Wed, 05 Aug 2026 01:15:23 +0000"
CNC3 Television,Back to hard labour: Convicted inmates to clean up public spaces,https://www.cnc3.co.tt/back-to-hard-labour-convicted-inmates-to-clean-up-public-spaces/?utm_source=rss&utm_medium=rss&utm_campaign=back-to-hard-labour-convicted-inmates-to-clean-up-public-spaces,"Wed, 05 Aug 2026 01:15:21 +0000"
CNC3 Television,"Kamla, Beckles clash over joint police-army posts",https://www.cnc3.co.tt/kamla-beckles-clash-over-joint-police-army-posts/?utm_source=rss&utm_medium=rss&utm_campaign=kamla-beckles-clash-over-joint-police-army-posts,"Wed, 05 Aug 2026 01:15:20 +0000"
CNC3 Television,Sturge rejects ZOSO claims as experts weigh police-army posts,https://www.cnc3.co.tt/sturge-rejects-zoso-claims-as-experts-weigh-police-army-posts/?utm_source=rss&utm_medium=rss&utm_campaign=sturge-rejects-zoso-claims-as-experts-weigh-police-army-posts,"Wed, 05 Aug 2026 01:15:19 +0000"
CNC3 Television,Alleged 6 Gang leader among five named in latest PDOs,https://www.cnc3.co.tt/alleged-6-gang-leader-among-five-named-in-latest-pdos/?utm_source=rss&utm_medium=rss&utm_campaign=alleged-6-gang-leader-among-five-named-in-latest-pdos,"Wed, 05 Aug 2026 01:15:17 +0000"
CNC3 Television,Alexander: Anti-crime plan includes elements of ZOSO,https://www.cnc3.co.tt/alexander-anti-crime-plan-includes-elements-of-zoso/?utm_source=rss&utm_medium=rss&utm_campaign=alexander-anti-crime-plan-includes-elements-of-zoso,"Wed, 05 Aug 2026 01:15:16 +0000"
CNC3 Television,South residents welcome joint security posts,https://www.cnc3.co.tt/south-residents-welcome-joint-security-posts/?utm_source=rss&utm_medium=rss&utm_campaign=south-residents-welcome-joint-security-posts,"Wed, 05 Aug 2026 01:15:15 +0000"
CNC3 Television,DCP Benjamin defends security posts as crime-fighting tools,https://www.cnc3.co.tt/dcp-benjamin-defends-security-posts-as-crime-fighting-tools/?utm_source=rss&utm_medium=rss&utm_campaign=dcp-benjamin-defends-security-posts-as-crime-fighting-tools,"Wed, 05 Aug 2026 01:15:10 +0000"
CNC3 Television,Scotland launches learning-focused summer camp for children,https://www.cnc3.co.tt/scotland-launches-learning-focused-summer-camp-for-children/?utm_source=rss&utm_medium=rss&utm_campaign=scotland-launches-learning-focused-summer-camp-for-children,"Wed, 05 Aug 2026 01:15:07 +0000"
TTT Live Online,"PM Defends Joint Army-Police Posts, Accuses PNM Of Undermining Security Efforts",https://www.ttt.live/pm-defends-joint-army-police-posts-accuses-pnm-of-undermining-security-efforts/?utm_source=rss&utm_medium=rss&utm_campaign=pm-defends-joint-army-police-posts-accuses-pnm-of-undermining-security-efforts,"Tue, 04 Aug 2026 17:31:47 +0000"
TTT Live Online,Homeland Security Minister Proposes Using Convicted Prisoners In National Clean-Up Drive,https://www.ttt.live/homeland-security-minister-proposes-using-convicted-prisoners-in-national-clean-up-drive/?utm_source=rss&utm_medium=rss&utm_campaign=homeland-security-minister-proposes-using-convicted-prisoners-in-national-clean-up-drive,"Tue, 04 Aug 2026 21:34:59 +0000"
TTT Live Online,Prison Officers’ Association Responds To Inmate Work Proposal: Current Deficiencies Must Be Addressed First,https://www.ttt.live/prison-officers-association-responds-to-inmate-work-proposal-current-deficiencies-must-be-addressed-first/?utm_source=rss&utm_medium=rss&utm_campaign=prison-officers-association-responds-to-inmate-work-proposal-current-deficiencies-must-be-addressed-first,"Tue, 04 Aug 2026 20:29:11 +0000"
TTT Live Online,"Suspected Marijuana, Cellphone Seized At Golden Grove Prison",https://www.ttt.live/suspected-marijuana-cellphone-seized-at-golden-grove-prison/?utm_source=rss&utm_medium=rss&utm_campaign=suspected-marijuana-cellphone-seized-at-golden-grove-prison,"Tue, 04 Aug 2026 23:28:58 +0000"
TTT Live Online,"Prison Officers Seize Contraband Concealed In Apples, One Arrested",https://www.ttt.live/prison-officers-seize-contraband-concealed-in-apples-one-arrested/?utm_source=rss&utm_medium=rss&utm_campaign=prison-officers-seize-contraband-concealed-in-apples-one-arrested,"Tue, 04 Aug 2026 21:23:07 +0000"
TTT Live Online,Two Arrested Following Intelligence-Led Operation In Arouca,https://www.ttt.live/two-arrested-following-intelligence-led-operation-in-arouca/?utm_source=rss&utm_medium=rss&utm_campaign=two-arrested-following-intelligence-led-operation-in-arouca,"Tue, 04 Aug 2026 20:21:03 +0000"
TTT Live Online,e Teck Confirms Hilton Trinidad Negotiations In Final Stages,https://www.ttt.live/e-teck-confirms-hilton-trinidad-negotiations-in-final-stages/?utm_source=rss&utm_medium=rss&utm_campaign=e-teck-confirms-hilton-trinidad-negotiations-in-final-stages,"Tue, 04 Aug 2026 22:10:34 +0000"
TTT Live Online,MP Roger Alexander Joins Clean-Up Drive In Tunapuna,https://www.ttt.live/mp-roger-alexander-joins-clean-up-drive-in-tunapuna/?utm_source=rss&utm_medium=rss&utm_campaign=mp-roger-alexander-joins-clean-up-drive-in-tunapuna,"Tue, 04 Aug 2026 20:15:53 +0000"
TTT Live Online,Senior Counsel Anand Ramlogan Leads Successful Challenge In High-Profile Dominica Case,https://www.ttt.live/senior-counsel-anand-ramlogan-leads-successful-challenge-in-high-profile-dominica-case/?utm_source=rss&utm_medium=rss&utm_campaign=senior-counsel-anand-ramlogan-leads-successful-challenge-in-high-profile-dominica-case,"Tue, 04 Aug 2026 23:09:21 +0000"
TTT Live Online,T&T Duo Wins Award At 2026 World Cosplay Championship,https://www.ttt.live/tt-duo-wins-award-at-2026-world-cosplay-championship/?utm_source=rss&utm_medium=rss&utm_campaign=tt-duo-wins-award-at-2026-world-cosplay-championship,"Tue, 04 Aug 2026 22:31:34 +0000"
Trinidad Express (via Google),No-shows by prime ministers over the years - Trinidad Express Newspapers,https://news.google.com/rss/articles/CBMiygFBVV95cUxOa0tZYTZabzNrRjhKXzlwZXpPczUtT1MzZmpNNDYxYVJBN204SXFqSGlwZXRHVVpwTU04bmJVOWp3SzlBQ0dFczJIckYwbmUxaGhXZjBiTHBiYWxQS08tMGpMalpKaDJHLVVXUjd3ZDhJQlZkSklQMzJtZnZ2WHN5d1BLOWJWeWFIRk5Yb0hyOWp5M0M5Tk5wbi14OUlVemlFU1dlUURuVzZjNVhqS1l5b1l0QnFCbXRvTDhGbDB2cFpHQV95VDZGcWVB0gHPAUFVX3lxTE1DVlF1TDM3MzU4U0ZTXzhzUGh4aTEwSDRTZlpYNl9rMVZJU3R5MmlVd3gzNGJ0M3ZIcnY4NVd5ektTT0tHYTNTWmJ5RFhEdTNvaHhfTFR5N2JHQWFIM0RRS2plaGhxMDluU0Rib1hqRTRFZ1d6aFVubVdTOFZ0YXlTRmgwMDZCTzhvWU9GTmdmNzZ5ZGo4VFI1MXhlQmstTHItaHRVU2NuWjFDRE9xMUpnU2VWNjB3VGJUZG5QZnlXMW1Zbkpsbm0ybHlzZUxyYw?oc=5,"Mon, 03 Aug 2026 14:25:00 GMT"
Trinidad Express (via Google),Security for communities - Trinidad Express Newspapers,https://news.google.com/rss/articles/CBMiswFBVV95cUxPRzlQelBULUQ2ZjNDVjF6NTUwN3hGbUlnQV9kWjVJQkRLZ3o4aEdyU1N5aHlVakFEaGRXcGVtck1nX21ILWI1RUx6V2pVZmU1WXVZUmFrR09wOWlBTFkyUWlnbDE4U25qb1FNbjduT2JuRThwVUtGUkthOGV2d201cjBsXy1QUF9COTM3SjNRUHFZMTU5UEhSX0R2cmRXX1dUTGlTQVRQVWJHeWdYQXNsV3RQa9IBuAFBVV95cUxQMWJtMFVhMWR1Y2RRNmF3Z0RtV095SFNJMXNxaXdxdFVMVnkzbXlRQkNCZ2hyaEZwY3dxNktkWnVfRTYyM2lmN0piNEZUZC0yMllwVVFLd3dLNEViLUMxQ1dQRjNkWjhiOUVLNERMT1FwS2JleW9SdWFWX0E1SVE1MGtuWDZlMENwOVdhN09ycFA5MTlZVkRlMWJUaXIxdkpYeThSN0hwWndUMk1WdktjN253NlMxVm4z?oc=5,"Tue, 04 Aug 2026 09:30:00 GMT"
Trinidad Express (via Google),SRP DIES IN CRASH - Trinidad Express Newspapers,https://news.google.com/rss/articles/CBMiqgFBVV95cUxOZDFLejhXYUZ3eGJQRFh5dWRkQVhaSUdvUEk5WVMxOFdBV2JZYWhTUkZZcnhISDJSSlZsdUpKaHZXak5HWDFGZWxVdUk3OTdWaVI4bXZ3MS02bThfZ1dFUXAwd1BKZ2c4VUIzVGZFY3hQYkF3eEhPdVQ3M0loNVpJY3hBdEs2S3g1MW94cUE5Rldtd1V4NHZieHZWX3ZGQXNJR2xTQkl0S01GZ9IBrwFBVV95cUxOVVdYc0xNaHg2Z0R6Q0xqRHVGS25VV3ptS29HeXRHMWZ6WWdJY19vNEMxWWZENVJlSDBJbEYzajRhZ1ltRmxBTGc4WjhQQXRfTzVvWURrWS1FMFJvdXlMNlRpTDN4aEZjUXVNZEhrVGk1NklWMm1CNUpMeGY0em43d3BqQWlDd3RzLVd3bkN5dVJrdm1CRFVRVE44TXdGeEhmQlo4Yk03MlN4aVMzQUY0?oc=5,"Tue, 04 Aug 2026 09:00:00 GMT"
Trinidad Express (via Google),Four sent on leave from Magdalena - Trinidad Express Newspapers,https://news.google.com/rss/articles/CBMivgFBVV95cUxQckx0VHVObEsycjFOTlJEUFlLNmMzbkt6Y2pHWGxoWGZqM2tGbm9iZ3VBY1Z4YXZETEtZZzhZWllhcDB2WWFOWV9rMmt2WURPakxUU3V5S1VOTzUxZjhaVmZKMDFxblVseGNXYm5CLXFhdDZTdmxRVG9MRTQ2NlI4Z2JqeWZ0ekRxRWdZU2h5MVF4cFc5d1J4cU1JUVZtMjZVdEg4aTlkRnk0VkR5LS1tNkJXZHBXRm5mVTJSTWV30gHDAUFVX3lxTE5xWWdVNU5KUFcyTERpNDNNdFEwRDZheGttaWNWZXZQY1FYRU5RMWI1U0pnQzhSTlZjNTlaUkJnVC1xcTFxWTkwUFB2SWRZQmNBQzRrbjE0TFpaS2xBUmRmQnYzak9ucTg1WnZNN0pyTUtWcGlIOG5XZ1Zja3Y4eWFTOXJ6dm5DUjd3SXZDSTg0MHdQR3J3RWNWOEc5UE1FRm85WGszRFFjc2hBVDZUdk5iNEVhT002RG4zTVlEWjh5djMtZw?oc=5,"Tue, 04 Aug 2026 13:23:00 GMT"
Trinidad Express (via Google),Kambon defends ESCTT after Emancipation booing incident - Trinidad Express Newspapers,https://news.google.com/rss/articles/CBMi2wFBVV95cUxQV0Zsc19kQVBDUHZtLUVEckxFc2VoR0pMbkwtakJ5S0VUVjkzelRTU20zNUluQTNoOTg1ZFJLOS1NWVRHbGVvaXVmbTBhWXAtOXJlZE5aclFmcG1vQk1UNFJFSmxfUEU3MDFpYlN0WVpYMWRkbXowbmhyendxNXpJU1RWMWViZi14aHJXemc2MUd3VFVBbm8zbEdTUFNBaVdCd0wxUTdqLVNSc3MwNDNuSlJhOC1OS3I5NW5qUEYzU0tmNklXelF2aVlLU2tEZ280YTRrWnpaZkRiWW_SAeABQVVfeXFMT3ZKcmgtOV95OHFURXpEamhXMWRVZjVoNjNuQldQYmZVa3dmTHF4RXhVTlVWMWlMTlR6VjBoMFVfalZ3WDFETThUSkoxcFBGc2hXODdvNjl1RUlVVTRqaDFtWmxSY3gxUzRrZFU2XzhMUjVCdzhsR3RLVFhjS1JlUDBLT3VlMDU0eFJZdE9VY0l1Wm5zUHhZYVpWbXVvSUlVaTR3U1ZYUVd4MkVjVklrdlFENUNQcUZOektuVkQ1LXRWVmNGWjZaSzd1QldXZldMWUFxa0wxNHkyR2dOaDFJbk8?oc=5,"Tue, 04 Aug 2026 13:08:00 GMT"
Trinidad Express (via Google),Cabinet ministers among those named by Integrity Commission - Trinidad Express Newspapers,https://news.google.com/rss/articles/CBMi4AFBVV95cUxPRmRncmxLcGxWcWtkN3JRUE9nVWhsZjFyYVpuckVwRTc1NXQ0OTVvRmc3WW5sNjczUFRfVGVkSVhDLUJQTzdRR3d4eHh4X1hiNFV2bU9JT3dPSXZNN3FXZTRBNzNZWWRvWFdsN1BjMGc4eWFTdGpqeUhGTEZfSDRCN09JUVcyb1FYWXpEb3VONzRqbDMxU0lPMGhCU1lsTDh1S18tdXdvSFhBWmxVbUU2ZlREMlpEREVBNUdCNlkzeFN0S04zaDNzeDltVDFDQlp1OTFSQkZXaEhxcVlTbEx5eNIB5gFBVV95cUxPVmh6NjEySktfbm1QbHdyZlU2dkRpX3V4dUtUSmZPczlxWVphZGo3VEoxclVVN3hyUjdXZW1RYlNvX1FzT2hJLTV1V1QxbnpIQ3pYcFozTk9RZDQtQzA1LXBOck9aWG5JWldNSEVqZXctMVhyWUI0X1JuLTBzcU1nYW9xQ0NHTFppU2VRSFBNU0prV3lhYVJwMVFXbE10MHgzYW5HQzFNbzNQYXNFcWUyVjVSWFBpU0tuc0ZtOGVHemtJUXI5U1o1ZHFCMXo0cFF1OXZsTkNrNEtTZ3E3WEJzaEVGNXZhdw?oc=5,"Tue, 04 Aug 2026 13:16:00 GMT"
Trinidad Express (via Google),New posts odd when ‘crime down’ - Trinidad Express Newspapers,https://news.google.com/rss/articles/CBMiuAFBVV95cUxQZnhna3lmejZHQm85elJKZFozR0VGYXFJM2tNQnNheERqVkR2STdrUzdrOHZfN1FSTTVTdEw3RTBhQnpDRzhJb2JYLUhiUGdDdHFfaHJzWm1ZQ2JKYjlycmMySmZKUUx0R2w3UnRISXpOeUlfTmpWV01abkdkdWU1ajZKRTZlWGs5SWVVNkxrbm1XQTRQS0trLV9TdUQ0c0xUa1U2emppWWVkdlVleDBOY3N0aXhqSTFI0gG-AUFVX3lxTE9DbjVxQ25wWjhWRFVGX0RwY3lSSHlXQTdmUlJpYlFvcWhpWS1BR0Fud1V5b1huNVFfZnBrM3VXY2dVaWtLYUExdk81bGxUNEVmUGdWUVJReGJnczlFNmdXaFJxMEQzNk1QOFREX01uYWY0eTh2aV85TnYweElmM0dYVmhlTU9VSGR0LUFmbnktdHQyR0Q4emVtY2Q0ckZ1SHV2SVdIWXZfZGt2LU5hUTVnaUUwUmNPQllJUk9oT3c?oc=5,"Tue, 04 Aug 2026 13:19:00 GMT"
Trinidad Express (via Google),I’m ready for ‘round two’ - Trinidad Express Newspapers,https://news.google.com/rss/articles/CBMisgFBVV95cUxQclVMLUhMVkJNWGVsN3JNbk9WenZjZm1XVXFlb1Y4M1IwTWp1NkhRMmZmcjU0VWpYRzdJaFVuNG1aRnUwOHhKM21QSVhqcFRhYXRaeEFHNldpdmpfRWptbHZuV1kwYnUybnk2ZUpkQUlWdVVaTkRoR1lHQWJLY2ljZldrWXRId1BLTDByTmFTQ1dKb1kxdzRkcm9kdk5MdHZpTk5zMUF3VFBsUjBKN0tWRlN30gG3AUFVX3lxTFBmRW91QjBhYzMtd3lRZGREbGstd1h2ZDJ0V1dqclR0bVpPUUdaSUpabWxwN1pVa01FUk5wd2dYWFhSaVU5TzRjR1YxTDlUQlVvLTQxWGs4VUFKOC1TVmZpb2NmYWZWSV9ma001YS1xbEFvQm1MUllORWZ4WHh6UkRKbldpLWFNQ0dqangwT2cyOEhTOHZDU0hDc0dQaTBTU1FkSE1ndVF1d1lxRWc3REEwZWRxSU9Ycw?oc=5,"Tue, 04 Aug 2026 09:15:00 GMT"
Trinidad Express (via Google),Young cricketer passes - Trinidad Express Newspapers,https://news.google.com/rss/articles/CBMiswFBVV95cUxNZ2pLX19iTEdvcGNFWndMQjRPQ0xxSFZVdnFrcUVtck5PT0tqNW9Tb3NmTkRPYWdFNXJwUkpkeWZJdXlBOVNVZ1VLRl83Zk9XQ2JOU1J4Q1ZwSkJMOFA2X1ZKaGxHZ1VSNWEwalgta1VtZDM5Smt6aXlnMDh5RVpjZUNKTnpqWFhXY1pxbU4zX3ZKMU12dUlEd29nZ2dSbXBjQlN5X013REhNbnE0MG1UV1pBONIBuAFBVV95cUxPbVdrQ0wtZ3E5ZUJaQUw2Rzc4LUY3Mm84dlZUbnN1elFybnF4YkI4SVQtTmk1OTNDb191b3plclVCZVhnd1BKM3ZDSEhRbl9JZ2c5X2FvRmJfUmZiRENsamlkNGdXZmEycUtESUVmY3FSTmQ3V1BhOXFVXzhpNUs2M05GdzY0amVxVzJSN1o4U2NtVS0zVTN5ZEdxQXBMYXlPNXdaWGJDM2I2QTB3Z0FlTEVvTXhiYktZ?oc=5,"Mon, 03 Aug 2026 00:28:00 GMT"
Trinidad Express (via Google),Call for greater transparency - Trinidad Express Newspapers,https://news.google.com/rss/articles/CBMiugFBVV95cUxOZEFrWVQ0MUJLT0xRV3YtZ2I0RDFERnNzd1lEOXJhTEVTQ0xCbjBRX0FfYUJFbG1DR1o3TnhLWWhEZUM5T3BaWHNXUzRYOGFrYk1QekRiUWFrX3IwX3FEblVMVWJqbm0zckdCT2xaWVUxb2o1a21YdnRtUHFqbFZYdkxfa3FIOGZIQUFFNVhKR1pybkwwOC1YQy1JSWkwSUh3a3VuejFNbUJaWjQ5cTBNbWNSRWNfTTJoTlHSAb8BQVVfeXFMTUJ3UlZGT1E0LWkzc0hXU2U3ckNIY1JNNUxCQzd6SFd4N3h5aS1GSjZWNkFmaEdoWGFNWldMRXJ3NlcwbUM3SFV4YlNRaF80OFVxdFpOVkJ3UnJQVGFHcERyVHBocWNjc0UteGpWSTlPSnJhU0xNQWxEM2FZdWpiT2t4SUpTTnFPUW1KNzkxMzJBNUJQeGFQUHRfQUdUbWlRSWpKdUhScm5jTjZTZlpCZmM2YUU1alk4WjVEeGNMZEk?oc=5,"Mon, 03 Aug 2026 09:00:00 GMT"
Trinidad Express (via Google),Hadeed challenges move ahead - Trinidad Express Newspapers,https://news.google.com/rss/articles/CBMiuAFBVV95cUxPWHlxb1hoZGRhNUVzOXN0NXBhazVRN0hiM2paZGdWb0l1Um5pVTI0Q29EUE8zV1dZMGVPT21KdTBLTnlVZ3FUNnJ3M25BUWx3UnZYeFgwRWdPNEd4T25DT1h5Nm8xYWk0LUlNdkZuQWhRdVRjTi14Q3dCLWpYb1dyc0xKblFUSGRMREswbXJRTTVKb3MwSEowc1c1U3pVNzJ0Xzd2aDlKSTJQdlBDT01URHlLV1dVYjgy0gG-AUFVX3lxTE1GR3RISVRWNy1ZR3gzQVFINEdWT1VjS01CSUVHRXRrY0YzYXVOaGhhbk0wXzNycjJVLXhUQ25RdTV5UElwTTRjdlBySUhNYlFmWHZEWDFnRklNM21La1lUU3BUc1pqQmlzU1dNenpVd1EySzJxS1dFY3NzSTZVUktIMXZNOVRXMmRXUjdBbDlpcWt5UmpKVGxHclFOM0pTRDBnS2VnamJwaEQxWXE0WWFaVlM0bEhhSmZoZkItUWc?oc=5,"Fri, 31 Jul 2026 09:00:00 GMT"
Trinidad Express (via Google),Wood 5th at Commonwealth - Trinidad Express Newspapers,https://news.google.com/rss/articles/CBMitgFBVV95cUxNZ2Jvc1dPbmhMYWR6NXltQ3hUNDJCREs1OUVFRXFqdDBwaDNlbkV2UERScWwyem5NU3U3T2dsUmZxVm9fRFA2b2RKaS10ZFF3ZEc3NmRuSWlEdEVDaDhQSUpGTHk3OENGTW1PREZkMWlTSkFBRXlJdVhHdzB5aEtidmItQV81THBnZ2M0VUM3RHNpTEtjX1JQV1lNRFJFRXhXZ1MxTEJVc3lnYW4zLUdGay04TldFQdIBuwFBVV95cUxQSDhJZE5FUlU3TjlxMVFkZ0MzcS1MVDA5eGZKVGotNWVDenhMZ1JSR0lDRUhSYzZyV0hOM1NKdzVqa21xRWlZT2FacGpkM1VrX0FYVV9sZVEzNkVmQVZDaFVuM0dKNjBfUlFDZEc2UWlKRmNMWE5MVHRjM1lpbWJ4cGpoLVh0RmpnTFF5MDJxYXVpUkV6TnNLRElpQ3Z2RFh2dVYxSElub2JkXzRrSzZyNVRpYVVCQmVEbEcw?oc=5,"Mon, 03 Aug 2026 00:30:00 GMT"
Trinidad Express (via Google),Kamla and Penny in row over race - Trinidad Express Newspapers,https://news.google.com/rss/articles/CBMivgFBVV95cUxQSlFqVWdZb2dKczc1bjdPLUx6cGpFeUF1QmdGbTZCVmhtX3d3SVFLY2VOZzZHWExJZHd2cThBUnZOM1NKdkxTN0Q0UnZuc0x4VlI2OGQ2aFdpVFY2czROX1hNVHNpMDM1cjI4YWFOYVcyVzIteWtlbHNGOFZnZTBpWTBYd0ppUGlqRUZwa3NIMUJ4SlVHRTJ4Q3g3RkJZYnB4dFFwTDd6cGRNNWs4LXhhZzRhLXZoRUktS29Jal9R0gHDAUFVX3lxTE54dnRaV2lqdUdfVFNMbUxXMzhpWG5Zb090dVVLTkNVWXhDSzhtNWotWnZpUlYtTVFteTlWQWF2RnQ2QlJPYjVjVG5iQ0ZaTWdDd3BKUlJTbE9VRnd2WEw2VHZIdXJMUVhjSkdFUk1tOVVQTlBGSjNHaEFTNG9vaDhrR2JSSENFZFBaT2FzUHd3amdOTWlOQ3pxZzZXdkVtOXh6UURtbkhTR1A5ejJaLWpaU2pTSTVqb1dqYk54dmZxRFktVQ?oc=5,"Mon, 03 Aug 2026 09:00:00 GMT"
Trinidad Express (via Google),T&T stickmen to play for gold - Trinidad Express Newspapers,https://news.google.com/rss/articles/CBMivAFBVV95cUxOR0d3Um02TXR6V2VxcjBUbk9yNzZwUFcxQUt5eUtqOFNxWjdsWExXQkZHMHNTa0puQWRfSVhOREtzdVQxb3BBYklSM3ItZTNVSUltYnV4NWN6Y2VESkZHamloMHJYbXNPY3ZjS1FWWXozTjFPbUFVRDhRc3BmUkgtclBqM2R1T2QxN3Vwc3QxZjgxUUw0WUx4V1o1Z3VxQkJud0p6ZHZ0Mzgza2czcWJEOUtIbjBVZW9MYmVTWA?oc=5,"Mon, 03 Aug 2026 00:29:00 GMT"
Trinidad Express (via Google),"T&T, Israel eye cyber partnership - Trinidad Express Newspapers",https://news.google.com/rss/articles/CBMivgFBVV95cUxPclpBT1htY1ppa1lrQk1KSHIxVGRNWjJWV0QtQkI0QlR4N1MzNWtWbDI0QWd5RE1CcFR3d2xHVlFmMUtZTC1yUGl2X21saGNnY0ZFbjVtck00T09HTmd1aU1ldmFZaFpWRFNJTEJkNVVTQUhZUkI2UWthR1lTbUhmd1dJQVE5ckJ5Y3hIZ0RtdDlWQUptbkpqdmYybXFuVUhlM2tJQ25jRC02dHRHNkw3ZGhsMkxLNkoxcnJGYXp30gHDAUFVX3lxTFBtaVNock12c05IV3ZpQnEyQXhqcmxUeTRjeWUxWXNCLXVrWmR4VXVWR1l1TE5CLUVCU0M1OEZGUFhRRU9rUTFHVnpxMTd2cDNGanlIcUotMEhqM2xvcUhCYkFJN29ueXlfWS1kcENwZUlMMHZRUnM0WXI1cVdlTUkwZnNTSGhFaWkyb0RCa0VfOWhBeFJVX0k2RnR1RWhqZER6RkxiMDZ2NjlCajZLbXBnaEt6bHJiVlVPUkhTejYxMm1DRQ?oc=5,"Sun, 02 Aug 2026 09:00:00 GMT"
Trinidad Express (via Google),NCB Merchant Bank CEO resigns - Trinidad Express Newspapers,https://news.google.com/rss/articles/CBMiugFBVV95cUxPc1RHWXRBUk1rUHFUMVhoaWdacnJnSGdsT1h4LXl2Vml6WllnQWlLZ21oa194cFlJMl9mSFYxbVU3SVd5V204VkRYOENlNG9sd2JGNkhIbC1ZR0N0R1BpZHR2dndjUi1Ld3FESnlHU2tHSk5lXy04cWpOdjlKY3pRdkhwajJpS0VjQlI4WEtXd2JoMGNtM1BHblQ2am1DUTNRdEFha3JDLU9rRWU5eXBXQjVQaFFzdXAxT0HSAb8BQVVfeXFMT0FLaDZvMjVrODlsYjQ2NVRUTWx6TllDaW9xTlF3R1RUYnBET3c4dkYyWFp2Y0tkQ2JOSlh5SXdvLXpYd1dmNS1qZXdvSDJYM1JfdFlCdnYzNmZRU3d2cmtCVFozOEVnTjZyUU1Ec05ZRHpLTkxNNDhUVnVnN1c3WGhRZ0wtVmtRRjZxVFRnMm9oTVY3VENtTEEzX2lBNEN6TkJUNHlWQ1h4eWY2TThNTUttQlFybXM5Y2RRa3FuZE0?oc=5,"Fri, 31 Jul 2026 09:00:00 GMT"
Trinidad Express (via Google),Hockey heartbreak - Trinidad Express Newspapers,https://news.google.com/rss/articles/CBMirAFBVV95cUxQZ1NlcFRBTDZ5bTJ1bnVfeVlHNGwybEJxeXd1NGFpQWpORU5LQkE2YVJZZGRMT1M2N18xTlU1X1dSdlFubGFhcDNHa2NOemVtakg1TXlpanNJR25Ua3BsMW1lWjc2cFdZb2U1VVZBUWlaTFVhQkkzZWxPdUdtakRzeGR4UGNRanZIRGxjcTNEbG0wNDdaRDhRc0tDYmhfRTRjVjFqbG16YnlpN01F?oc=5,"Wed, 05 Aug 2026 02:22:00 GMT"
Trinidad Express (via Google),BROWNE SNATCHES GOLD - Trinidad Express Newspapers,https://news.google.com/rss/articles/CBMisAFBVV95cUxNS3NUQjc1XzhwUFNnU2tEbnpJT2w5Q1FkTUpKOHJHSy1LT1dKWjZrV09rVzZEcTBYWHZxeWpmSi1hRGFtOS0wU0dMeDF5ekpSNkktbEl2aHhMQl8wU1NaR2dsTDBzTHR0Zkw1LTFESmRtLWdzZXh0d09lYmlDRXQyQ1dFRWN3SFN3SGM1UzBWNUNRLVg5RDN4QTRlbF8wQVg5V1VZcW1LODR1MkYza1BPNdIBtgFBVV95cUxNcmdIdk9zOUdWRG5fajFrQ3Z6dFl6V2pUYWYxVEk3UUdmcktpNnctaDJlaGt6QjBlSnpTVVRTY21nOHFNU3pEWmItcjBpREI1UUJXZXRBbE9TT0d5RzZEQ3p2aHR1NHI0Rlg2Zk9TRDZPTkRlRGlmVjFISVZ2MlZkVVYzcVJnc1NhOE42LXg5RGdTZlpBY2hlUm5qR2p3dnZSbTNvYlpVLWR6anE1SjdhUHBoRlZpUQ?oc=5,"Fri, 31 Jul 2026 01:05:00 GMT"
Trinidad Express (via Google),Team sprint bronze for T&T - Trinidad Express Newspapers,https://news.google.com/rss/articles/CBMiuAFBVV95cUxNb0NQMWhJUVZYMGFWWXd1cUwzZTVhRW10aDlmZTVod2stek1jUml1SDhkdFp6VmthLUJhSEpZV2NvcVAxV0ZGSXBQTlh0eFNQR0tRc0dNRWIxMWRMQkdobnFSd2pObUZLaUh0RHI0cHBheEFtWVMyNThmQ2NjMXE1VUFEMmhlSmJvejQ5Z2htd2hRa3pmazJNYjdnQVZueFZLMVFheWphcTJxaENHU1FwSkZ4eGZyTWZz0gG-AUFVX3lxTE1adHhTQTVfUU5Gd2Q0T3lXTmRucG9YRUR0dFFWRWtBS0xVcVFvaktvZ29qMDlaOEN0MzltcWRqaUtmRTF6QmIwekxOdjRCeHhhQTR1Qm42aF90ai1SMnZWbkNESmp4Mmx6SnVRUDFLWmQ4bE4yVFJqWV81QUhxa2dVZGRFWDRKWFlPb2MzSm5wcllWamtTdzFKTzFDaGRIZWNzSThmd29MNy1Qa1ZHbjlDVjViUlZnVk9pZEY3c1E?oc=5,"Fri, 31 Jul 2026 01:01:00 GMT"
Trinidad Express (via Google),Off-duty cop killed in Caroni attack - Trinidad Express Newspapers,https://news.google.com/rss/articles/CBMiwwFBVV95cUxNT2dDYmtaVmRwcldNNEw5aEU0MXFWMEk3VTZGVGluWXFmaWVjQlpHY0VNVE4xTGJFb3BjTDlHVDZ4Rjl1ZUpxeURvVy1GTnp1ajdhRlRna0JDOWdPeWpDcDlrZ3RzalNoZWl3UUY3d2pHUmc0eHlSbTVDOEZTZXA4ZnE0RFJfSDl2TlZKdzBFX1JDa0lSUTRwVFpmMmJ0dWpuLXhpeDVCbnhHOVZGbkV5WEQ3RVZqNzR4VWVhbE9CZkVjbGfSAcgBQVVfeXFMTkZHMGhsMnJFUG9kZDlheTFyUm9MU1E2VWliN0VqaTVYbW83TkJmMWJQeklaZ3JkRDI5RUw2cy1sNHU0emJOWVgyRVVWYXU0YVgxMV9lajFaOWNQR0xOMkw1dG5sSHphWnN0NEZBbENnaFdPdTI0aktYZHF4ZnBSbC1JQ1QxV0owSjhXZkdsemdvR1ZRRjRyc1dBcVFqeHU4Z1BVMWtCOEtGWld3RDRBQ1dOWHBQb29HLWJESUFRbGN3aHNoOFBhWGQ?oc=5,"Thu, 30 Jul 2026 09:30:00 GMT"
Wired 868,Thompson: Of Sobers and Spain: My July of renaissance and Sobersity - Wired868,https://news.google.com/rss/articles/CBMinwFBVV95cUxOY0RiY1FSSHZwckR2aU9pWVZLNXJxYmdpSHgteVpHZFhJR1JWRTQ0ZmNsYXhMMkNqMVUyYUgzelFnZ0RRRFdMRFhXS3lkYVVyVmNGSmFxWGpFa3B1dnhRWHdabGozLXB6SDFfV1UzRk1BN0NlWWFMcU5LU05mc0F5MExPakV1cmFhbUk5Z2NTWVU4VXBZZFpNOERwZmY5cm8?oc=5,"Wed, 29 Jul 2026 22:52:43 GMT"
Wired 868,Live Wire - Wired868,https://news.google.com/rss/articles/CBMiYEFVX3lxTFBrQ3YzNUZPSDNISVlpZkQybVFwNGpxa2p6cEs0dlBrYjA2YXhGLW1pZmF0QXp5TlFWYkhKaGRZYUxBbENQYWVjYXRQV2FONUtfaDlvVU8zc2dveDRZelN1dg?oc=5,"Mon, 03 Aug 2026 01:56:51 GMT"
Wired 868,Vaneisa: Finding freedom through art—Jackie Hinkson’s QRC Legacy - Wired868,https://news.google.com/rss/articles/CBMimwFBVV95cUxNV3A5VXpHMXFpX01XUS1nSHFRZ2lNSzhENTZDQUNlblVkWWRiLUFveExiTDR0RDA3UEh5bDBqOF9nRXdEMFd3RjhXQVFfR1Fmc2tQYjZLMFZHMkJLTW1PT2llSFBMemszRW8ybV9aLU1kVUE1QmNXcURoVHFHRTRvRTJseEIwMmNqM18tUTRFYkhNZ2dlUjg3T2w1UQ?oc=5,"Mon, 03 Aug 2026 04:11:22 GMT"
Wired 868,Vaneisa: Frozen memories—the stories stored away in our freezers - Wired868,https://news.google.com/rss/articles/CBMikgFBVV95cUxNWWctRlc0SWQ1ZUFFVUtxQzVqX3RhRFBwQktLUmpvYlYybnk5VHpKdUhKczNBRGc2ZGJhVEdfVmhyUWNKNjRQTnFzRmg3MjlFSjJLR3lQZkoydjdjWnc5ZXVySzNjODZQNXZEME5DUmF0b181S1lTU1hISG92N1FUdmVqUzJYQWVHM25kaFNhQXVnZw?oc=5,"Sat, 25 Jul 2026 07:00:00 GMT"
Wired 868,"T&T draw Costa Rica, Curaçao and Haiti in Concacaf Nations League - Wired868",https://news.google.com/rss/articles/CBMinAFBVV95cUxQRFQ2cDhQZV9Nb1ZxNElxU0tfSC1CaTFBLUh5UHZadkVtX0VsYkM3dS1yZDR1RXZRRTREYi1PR2R0OE9VU0JrODZGNEVKbUFjaGVydXBmV2hiV1pXR3F5UnQ5OTVzS3NBZVVoMENBQmJMQTZrS1FxbTNwcXJCOTNKMGhtV3NSdHVRcWo1VUloZ1p6V2VkMS1UMnJKSTg?oc=5,"Thu, 23 Jul 2026 07:00:00 GMT"
Wired 868,Calling Caribbean university students: Boost job prospects and win gift voucher - Wired868,https://news.google.com/rss/articles/CBMirwFBVV95cUxPRDZuanhPVVl5Rzc2UjBLbUV6cUU5dllUUk1RMlRxTW93SHVlR012Y3NTcDdQekxMUGtOMUVVOUNraWdHRWNvRzNhek9NSW1aOUpEUElyUUZKcjh6S0xKX0ttd2V4LTg0eEhybHI3dFcxTFV5bGhOUkZ2UVE5dWpFS0l1WGJ1N0R6di04bi1IdUV4a19JX2lnNUNiVEdBV1gxSGZ0Tk5rN0NyVHV6cllr?oc=5,"Sat, 18 Jul 2026 07:00:00 GMT"
Wired 868,Dear Editor: Who Benefits from Racial Division in T&T? Unity must be our strength - Wired868,https://news.google.com/rss/articles/CBMisAFBVV95cUxORHFMRHNOdV9VWk41QjE5RGcwZmpPQno5eS03QnNBeElLZnAybW94dVdDQU8xcEtGRjVmMnlyd3J5aWhuMjQ5Zm00Y1FLYmtiSFY2NTRRZFFQVWpvNURmT0FqcDcwaVZ2bHMtVV9ZcnB5UW1vd0swLTVpcUw1V3RhdDI3NzFEeGtGUUt4c0hORjViYm5CWGtFdExPYlpoZW5Mai10cDZCOHJhaXZzOEpQRQ?oc=5,"Tue, 04 Aug 2026 00:20:09 GMT"
Wired 868,Live Wire Chronicles: T&T’s race to the bottom is sponsored by Kams and Kareem and… - Wired868,https://news.google.com/rss/articles/CBMisgFBVV95cUxPSkJqdkZQcDVvbmR6aGdNRVdvWWRacFptRWhNYVdfUzNSNWQzZFVnSEVNLU1vbjBfTTFKX1A4aUl2RmZZeGFkUk1Celd0MkRHc190YU9wekt5QW00WXppY2Y1QlhNZkIxUURmMWMyRjFYU1pJbGU5OHF6NFY5aDZkS0NqWHBWNEEwU000Z1F4ZVByOFE2TW9BdTF1VjdzcGtaNW1VQjdiM1FLUzNhOE9CbFlB?oc=5,"Mon, 03 Aug 2026 01:56:05 GMT"
Wired 868,Dr Harris: The cost of race-baiting—who wins when we fight each other? - Wired868,https://news.google.com/rss/articles/CBMiowFBVV95cUxNamRDRGNVNHZQclZhYWNxeTlaQXJIcm9qX25Cb1pIdV9ndUlsMDRQM0R1bnE4bmdqSFBXRUNFLWRnd21Nd3RvQUN4enV5aWpSRmIzVXIzTVhHWVFTakk3SUVjMWRKSjZuWDEtQUNGWFZxZG9DdFJObE03VmVXdVRtd0ZNRUFyTWpxN21meUM5THA1OGNIVTg1cng5N0xkVDNNUy1F?oc=5,"Mon, 03 Aug 2026 23:35:43 GMT"
Wired 868,Vaneisa: Build communities by teaching youths “histories of ourselves” - Wired868,https://news.google.com/rss/articles/CBMiogFBVV95cUxPQnZRTEYxR2twbTU1bUJITEFBNS1ILWx6dnRMWmZlZVdMdkpLRnBLTzIxTElIcUJQZ0NuX1FVR1BzcnlMM1Jaa2EzMHpqU2ttejBteXltZ1dTbklrUXZtbVdlalFZNkE3ZGp6VmtxbFk3NVRZUU5Kb2hVZjF0c1NRNXd1dVY3Z0xwR2RtR0ItY1BLTUJ0endsS0I1NkEyVmNiaHc?oc=5,"Sat, 26 Aug 2023 07:00:00 GMT"
Wired 868,"Workers welcomed Caroni’s closure; Shah debunks Sat’s ""racist lie"" - Wired868",https://news.google.com/rss/articles/CBMimgFBVV95cUxPZWNlcF9MZVo4X0pLMkRFeU5OcHozV3E3Z1ozNEotXzYwZG5IZE9HR0ZMYThHMjhLRTZRMzJySkJHWHJ4ZXE2N1B0cXllMURXRzF0LVN4bUdocEZ1UHEyT3pHam1BR0Zsd2J4d3BGNFppcnFQelFLTGZOdkNlRzVNUVpXaHRSaHl2WnZyZUtydlM1ZHZaSnI0NlBR?oc=5,"Wed, 20 Jul 2016 07:00:00 GMT"
Wired 868,"Akins Vidale, Author at Wired868 - Page 3 of 3 - Wired868",https://news.google.com/rss/articles/CBMiXEFVX3lxTE5BZDdOb1MwU2FHejZydm9VQldDZmFiaEt1Q1pYMktfQlBRSDlkaWhhX25iaXZKaDZDZXIzM3RydWNFUHp3WkktU1k1aEhuZzlmcjFuUzNUd2ZJenh4?oc=5,"Sat, 18 Aug 2018 03:40:39 GMT"
Wired 868,"Vaneisa Baksh, Author at Wired868 - Page 19 of 19 - Wired868",https://news.google.com/rss/articles/CBMiX0FVX3lxTFBNWUd1WDJGWWJlVm04Wm12YnpZQ3BBOXZmOXUtV1A5RXVQaVQ1Y3BDOEt6QmpKZTJPckFkN3RURERZQ3JRYVcyYXVmTlJyNG0xRVhoZ0FrRk1hUktjWTRj?oc=5,"Sat, 14 Nov 2020 08:00:00 GMT"
Wired 868,Tag Archives: Wade Mark - Wired868,https://news.google.com/rss/articles/CBMiS0FVX3lxTFBEOURmMEFQRERDaTc3V3VHV0NSdHFXRlZyM21mbUlPLXNNUzJqXzFZQ01TRlY5bEZoeThlMWk4TXFxZmN0QVRfZTNtdw?oc=5,"Fri, 21 Jul 2017 04:48:57 GMT"
Wired 868,"Stern, Sherwood and Sancho star in Sunday’s Wired868 gala - Wired868",https://news.google.com/rss/articles/CBMikAFBVV95cUxQcE9BNmI3VXF2U2VsLU9hU2l4LWNpX2JtRjJ4dk11YmI3bHdxU0d5alZEX0xZLTVlX3JuOVRnQ2FoanhFTXhWSVNsckw1dDZNV2djQzF4YmRDVndGT2RzQWtvSUlvOWg3WWNCeGVzRjhic0Y0b0lKOEtDS0xLNXFmS3F6WWM5QXRDWXBjVmJtNkk?oc=5,"Wed, 15 Jan 2014 08:00:00 GMT"
Wired 868,Vaneisa: Dancing around our cocoa—T&T must revive sleeping economic giant - Wired868,https://news.google.com/rss/articles/CBMipwFBVV95cUxQY1ZrZUNMXzRyaVRzeG1rQmJEZy02RkJmTzZfQzlQSUoyc1AzTWswbDd1Q01NaW9ETXVYc2VXOTlDNENOU3FRMmwxM001UnZIdllNaE5NM3FkalM5c2llTUstcmhRT0wzcGZyemJQMzE4ZEJta01hMThJcmJ2dWxBcGNDandMenREaVNaaE9SV0NCZTJEUjAycE9sMVN4RXFEaWlOMVZfRQ?oc=5,"Sun, 30 Mar 2025 07:00:00 GMT"
Wired 868,Dear Editor: Whatever happened to our cricket commentary standards? - Wired868,https://news.google.com/rss/articles/CBMinwFBVV95cUxNRkllYkp1dHI2U1BiUFRfbHF2cWk4UW5HUm5Dbkp4THFZRzN4TkRCcXltUzVObnRGenVjdVE5VDZEeDNVRWpZQV9VTzlpOGs0U1gzcGZadFktUEFTRXNLRVpLLUpKeDdqVFgxRnVpWFVvX0szRGxGOVBLUXozUFNpeWVlSkpaelJFZ0w2TEwzeVZ3TGtST0hRN1Z5WjhwZDg?oc=5,"Sun, 15 Aug 2021 07:00:00 GMT"
Wired 868,The Chanderpaul conundrum: Should ‘Tiger’ tail wag WI cricket dog? - Wired868,https://news.google.com/rss/articles/CBMimwFBVV95cUxPMy1HUW1uRlZhQXFuMFR2X21kMHBHQ3dYQVZFellGNXFTY1ZPb3AxTkszcHZ2VUoyTU1fOW9XYi1VZHlNbl9wQ3NPa1FWV0R5WlZTT0g2WDlHazV5NlhidVBpVGgxLXNqd05URzl0WkNmWTNjNDFZX0FaS3VhWmpkeE9UUjJ6eXVRWFJiQ2hLSDBQMjF1cUxDV2hfdw?oc=5,"Sun, 31 May 2015 07:00:00 GMT"
Wired 868,“A gift from God…” Arima North general Ability Hazel talks to Wired868 - Wired868,https://news.google.com/rss/articles/CBMioAFBVV95cUxQNDZpcXBadWtuVmY3MVBGbzhhVG1SakFIeFY1NW8yRndnM2tkczVSb2FvcDZ3TTc2bFZiOFNPNG5jbHVzZ01KX2MxZnRJeHRQbUhzcEJyeXItNGdkR3FaSTR0SnhPNVpnc25xclVpWXdHVzZUVmhFbWRnbXQ5TGM1a1R6RmhLUXM1UnhrZ2NjLXV0aHNLNE1zX0MwelJuYXI4?oc=5,"Sun, 24 Nov 2024 08:00:00 GMT"
Wired 868,"Identity, violence and nation building: social cohesion is T&T’s biggest challenge - Wired868",https://news.google.com/rss/articles/CBMisAFBVV95cUxQY0VHYVI4U04xT2RDSHJCUHFwSVhNVXRwX2VDVjJMYkgybWxYVW5KZFlSV19YX1B0bFNrTm9hWTVSbDlhS0hWLU1IRjFHNjVEY09yUXkzdDZaVHE2aWlWWW4tY3dFSmZjNEJBTWJCUC1NZ1VHNFFzRVFfVUlqZktld091T0c4UGlzLXJpdW1ickdDMllKTjgzRlUya1BIZUx1bktmT2NRRHVudnJsRkRBUw?oc=5,"Sun, 20 Sep 2015 07:00:00 GMT"
